{
  "mil_mean": 0.193,
  "mil_std": 0.0743706931526122,
  "psi_mean": 0.14799999999999996,
  "psi_std": 0.10665833300778707,
  "trials": 20,
  "k": 50
}